# 201116

Q1.	DEPT, EMP 테이블을 사용하여 SALES 부서에 근무하고, 
    1981년 상반기(1월-6월)에 입사한 사원 정보를 검색하시오. 
	이때 커미션을 합한 급여(SAL + COMM)를 함께 검색하고 입사 일자 순으로 정렬합니다. 

검색 결과

     EMPNO ENAME      HIREDATE     INCOME
---------- ---------- -------- ----------
      7499 ALLEN      81/02/20       1900
      7521 WARD       81/02/22       1750
      7698 BLAKE      81/05/01       2850

3 rows selected.

Q2.	DEPT, EMP 테이블을 사용하여, 
    소속 부서의 평균 급여보다 많은 급여를 받는 사원들의 부서 번호, 사원 번호, 사원 이름, 급여를 검색하시오.

검색 결과 

    DEPTNO DNAME                EMPNO ENAME             SAL
---------- --------------- ---------- ---------- ----------
        10 ACCOUNTING            7839 KING             5000
        20 RESEARCH              7788 SCOTT            3000
        20 RESEARCH              7566 JONES            2975
        20 RESEARCH              7902 FORD             3000
        30 SALES                 7499 ALLEN            1600
        30 SALES                 7698 BLAKE            2850

6 rows selected.

```mysql
select d.deptno, d.dname, e.empno, e.ename, e.sal
from dept d, emp e
where d.deptno = e.deptno and
        e.sal>(select avg(sal) from emp where e.deptno = deptno group by deptno);
select avg(sal) from emp group by deptno;

=========================================================================================
select d.deptno, d.dname, a.empno, a.ename, a.sal
from dept d
join (select empno, ename, sal, deptno
        from emp e
        where sal > (select avg(sal)
                        from emp
                        where deptno = e.deptno)) a
    on d.deptno = a.deptno;
```

​	 



Q3.	DEPT, EMP 테이블을 사용하여 각 부서의 소속 사원 유무를 확인하는 검색 결과를 만드시오.
    EMP 컬럼은 소속 사원이 존재할 때 'YES', 아니면 'NO'를 검색합니다. 

검색 결과

    DEPTNO DNAME          LOC           EMP
---------- -------------- ------------- ---
        10 ACCOUNTING     NEW YORK      YES
        20 RESEARCH       DALLAS        YES
        30 SALES          CHICAGO       YES
        40 OPERATIONS     BOSTON        NO

```mysql
select d.deptno, d.dname, d.loc, nvl((select 'YES'
                                        from dual
                                        where exists (select * from emp
                                        where deptno=d.deptno)),'NO') emp
from dept d;
=========================================================================================
select distinct d.deptno, d.dname, d.loc, nvl2(e.deptno,'YES','NO') as emp
from dept d left outer join emp e
    on d.deptno = e.deptno
order by deptno;
=========================================================================================
select d.* , nvl((select 'YES'
                from dual
                where exists( select 1
                                from emp
                                where deptno = d.deptno)), 'NO')
from dept d;
```





Q4.	CUSTOMERS, ORDERS, WISHLIST 테이블을 이용하여, 
    WISHLIST(관심상품)에 저장된 상품이있는 고객의 주문 합계(SUM(orders.order_total))를 다음과 같이 검색하시오.
    참고. WISHLIST.DELETED 컬럼이 'N'인 행이 현재 관심상품을 의미한다.

검색 결과

   CUST_ID CUST_FNAME      CUST_LNAME       ORDER_TOT
---------- --------------- --------------- ----------
       105 Matthias        MacGraw            61376.5
       120 Diane           Higgins                416
       122 Maurice         Daltrey           103834.4
       143 Sachin          Neeson             27132.6
       155 Frederico       Romero             23431.9
       165 Charlotte       Fonda                 2519
       166 Dheeraj         Alexander              309
       167 Gerard          Hershey                 48
...

42 rows selected.

##### from절은 화면에 보고싶은 column이 있는 테이블을 넣는 곳임❗❗❗❗❗❗

```mysql
select c.cust_id, c.cust_fname, c.cust_lname, sum(o.order_total)
from customers c, orders o, wishlist w
where c.cust_id = o.cust_id and 
        c.cust_id = w.cust_id and
        w.deleted = 'N'
group by c.cust_id, c.cust_fname, c.cust_lname;
(x)
=========================================================================================
select c.cust_id, c.cust_fname, c.cust_lname , sum(o.order_total)
from customers c
join orders o
	on c.cust_id = o.cust_id
and c.cust_id in(select cust_id
				from wishlist
				where deleted ='N')
group by c.cust_id, c.cust_fname, c.cust_lname
order by 1; 
(o)
=========================================================================================
select c.cust_id, c.cust_fname, c.cust_lname, o.tot
from (select cust_id, cust_fname, cust_lname
        from customers
        where cust_id in (select cust_id
                            from wishlist
                            where deleted ='N')) c
join (select cust_id, sum(order_total) as tot
        from orders
        group by cust_id) o
    on c.cust_id=o.cust_id;
```





Q5.	CUSTOMERS, ORDERS, WISHLIST 테이블을 이용하여 
    고객별 주문 금액의 합계(SUM(order_total))와 관심상품 목록의 합계(SUM(unit_price*quantity))를 검색하시오. 
    참고. WISHLIST.DELETED 컬럼이 'N'인 행이 현재 관심상품을 의미한다.

검색 결과 

   CUST_ID CUST_FNAME      CUST_LNAME         ORD_TOT   WISH_TOT
---------- --------------- --------------- ---------- ----------
       105 Matthias        MacGraw            61376.5        908
       120 Diane           Higgins                416        448
       122 Maurice         Daltrey           103834.4      312.8
       143 Sachin          Neeson             27132.6        414
       155 Frederico       Romero             23431.9      993.6
       165 Charlotte       Fonda                 2519        449
       166 Dheeraj         Alexander              309        486
       167 Gerard          Hershey                 48        332
...

42 rows selected.

Q6.	EMP 테이블에서 1981년도에 입사한 사원들을 입사 월별로 인원수를 검색하시오. 
     단, 사원이 없는 월도 함께 출력 

검색 결과

HIRE                 CNT
------------- ----------
1981/01                0
1981/02                2
1981/03                0
1981/04                1
1981/05                1
1981/06                1
1981/07                0
1981/08                0
1981/09                2
1981/10                0
1981/11                1
1981/12                2





<hr>



